Challenge_Category,Key_Challenges,Emerging_Solutions,Success_Examples
Infrastructure & Connectivity,20-30% rural areas lack broadband; unstable connectivity; high data costs,BharatGPT Mini (offline AI); satellite internet; edge computing solutions,Ujjivan voice banking; Saagu Baagu rural connectivity
Digital Literacy & Language,18 crore low-literate citizens; 22+ languages; cultural adaptation needed,Bhashini platform; voice-first interfaces; vernacular AI models,Hello Ujjivan (Hindi banking); Wysa Hindi mental health app
Economic & Social Barriers,High AI implementation costs; 59% MSMEs can't afford AI; rural-urban divide,Government subsidies; open-source platforms; public-private partnerships,Government FLCs; PMGDISHA digital literacy; Jio affordable internet
Technical & Regulatory,Data privacy concerns; lack of AI governance; limited offline capabilities,Local data processing; Bhashini APIs; regulatory frameworks developing,BharatGPT Mini data sovereignty; govt AI ethics guidelines
