Domain,Key_Examples,Current_Reach,Language_Support,Rural_Readiness
Healthcare AI Platforms,"Niramai (breast cancer detection), Qure.ai (radiology), SigTuple (blood analysis), Apollo CIE","~500,000 users across startups","Hindi, English, Tamil (limited)",Medium (telemedicine growing)
Educational AI Systems,"LILA (Hindi learning), AI4Bharat models, Diksha platform, vernacular learning apps",~7 million students via govt platforms,22 official languages via Bhashini,High (education priority)
Agricultural AI Solutions,"Saagu Baagu (telangana), Project Farm Vibes, AI pest detection, precision farming tools","~500,000 farmers (Saagu Baagu expansion)",Regional languages for farmers,Very High (farmer focus)
Climate & Sustainability AI,"NANDO waste management, AI-powered recycling systems, smart farming guidance",Limited pilot projects,Limited multilingual support,Low (urban-centric)
Accessibility AI Tools,"Swarajability (job platform), voice assistants for disability, govt AI chatbots for PwDs","~44,000 PwDs served by Voice of SAP",14+ Indian languages,High (accessibility focus)
Truth & Trust AI Systems,"Bhashini fact-checking, deepfake detection systems, election monitoring AI",350+ AI models on Bhashini platform,22 official languages via Bhashini,Medium (infrastructure dependent)
